show user;

-- 부서 테이블 제거하기
DROP TABLE EMP;
-- 사원 테이블 제거하기
DROP TABLE DEPT;
-- 급여 테이블 제거하기
DROP TABLE SALGRADE;
-- 부서 테이블 제거하기
DROP TABLE EMPLOYEE;
-- 사원 테이블 제거하기
DROP TABLE DEPARTMENT;
-- 급여 테이블 제거하기
DROP TABLE SALGRADE;

-- 부서 테이블 생성하기
CREATE TABLE DEPT(
	 DEPTNO NUMBER(2) CONSTRAINT PK_DEPT PRIMARY KEY,
	 DNAME VARCHAR2(14),
	 LOC   VARCHAR2(13) ) ;

-- 사원 테이블 생성하기
CREATE TABLE EMP( 
  	 EMPNO NUMBER(4) CONSTRAINT PK_EMP PRIMARY KEY,
	 ENAME VARCHAR2(10),
 	 JOB   VARCHAR2(9),
	 MGR  NUMBER(4),
	 HIREDATE DATE,
	 SAL NUMBER(7,2),
	 COMM NUMBER(7,2),
	 DEPTNO NUMBER(2) CONSTRAINT FK_DEPTNO REFERENCES DEPT);
select * from emp;

 -- 급여 테이블 생성하기
CREATE TABLE SALGRADE(
	 GRADE NUMBER,
	 LOSAL NUMBER,
	 HISAL NUMBER );

-- 사원 테이블에 샘플 데이터 추가하기
INSERT INTO DEPT VALUES(10, '경리부', '서울');
INSERT INTO DEPT VALUES(20, '인사부', '인천');
INSERT INTO DEPT VALUES(30, '영업부', '용인'); 
INSERT INTO DEPT VALUES(40, '전산부', '수원');

-- 부서 테이블에 샘플 데이터 추가하기
INSERT INTO EMP VALUES(1001, '김사랑', '사원', 1013, to_date('2007-03-01','yyyy-mm-dd'), 300, NULL, 20);
INSERT INTO EMP VALUES(1002, '한예슬', '대리', 1005, to_date('2007-04-02','yyyy-mm-dd'), 250,   80, 30);
INSERT INTO EMP VALUES(1003, '오지호', '과장', 1005, to_date('2005-02-10','yyyy-mm-dd'), 500,  100, 30);
INSERT INTO EMP VALUES(1004, '이병헌', '부장', 1008, to_date('2003-09-02','yyyy-mm-dd'), 600, NULL, 20);
INSERT INTO EMP VALUES(1005, '신동협', '과장', 1005, to_date('2005-04-07','yyyy-mm-dd'), 450,  200, 30);
INSERT INTO EMP VALUES(1006, '장동건', '부장', 1008, to_date('2003-10-09','yyyy-mm-dd'), 480, NULL, 30);
INSERT INTO EMP VALUES(1007, '이문세', '부장', 1008, to_date('2004-01-08','yyyy-mm-dd'), 520, NULL, 10);
INSERT INTO EMP VALUES(1008, '감우성', '차장', 1003, to_date('2004-03-08','yyyy-mm-dd'), 500,    0, 30);
INSERT INTO EMP VALUES(1009, '안성기', '사장', NULL, to_date('1996-10-04','yyyy-mm-dd'),1000, NULL, 20);
INSERT INTO EMP VALUES(1010, '이병헌', '과장', 1003, to_date('2005-04-07','yyyy-mm-dd'), 500, NULL, 10);
INSERT INTO EMP VALUES(1011, '조향기', '사원', 1007, to_date('2007-03-01','yyyy-mm-dd'), 280, NULL, 30);
INSERT INTO EMP VALUES(1012, '강혜정', '사원', 1006, to_date('2007-08-09','yyyy-mm-dd'), 300, NULL, 20);
INSERT INTO EMP VALUES(1013, '박중훈', '부장', 1003, to_date('2002-10-09','yyyy-mm-dd'), 560, NULL, 20);
INSERT INTO EMP VALUES(1014, '조인성', '사원', 1006, to_date('2007-11-09','yyyy-mm-dd'), 250, NULL, 10);

-- 급여 테이블에 샘플 데이터 추가하기
INSERT INTO SALGRADE VALUES (1, 901,1000);
INSERT INTO SALGRADE VALUES (2, 501,900);
INSERT INTO SALGRADE VALUES (3, 401,500);
INSERT INTO SALGRADE VALUES (4, 301,400);
INSERT INTO SALGRADE VALUES (5, 201,300);
COMMIT;

--2018.09.10실습
select * from emp;

select * from dept;

select * from salgrade;


select empno, ename from emp;
select ename, empno from emp;
select deptno, dname from dept;
select losal, hisal from SALGRADE;

select ename, sal from emp;

select * from emp;
select sal, sal * 12 as 연금 from emp;
 

select ename, sal, sal + (sal * 0.1), sal*12 from emp;

--null은 연산을 못함
select ename, sal*12, comm+1 from emp;
--null처리를 위한 nvl함수! -> nvl(comm,0) null값을 0으로
select ename, sal*12+comm, nvl(comm,0)+10 from emp;

--컬럼에 별칭지정 //as를 굳이 안써도 별칭이 가능하지만 오류났을때 오류찾기가 힘듬
--ex)ename as 사원명, ename "사원명", ename 사원명, ename as "사원명"
select ename "사원명" , sal*12 as 연봉, sal*12+nvl(comm,0) as "실급여" from emp;

